Name,Email,Affiliation,Paper Title,PersonalNote
Prof. Klaus Maier-Hein,k.maier-hein@dkfz-heidelberg.de,"DKFZ (German Cancer Research Center) - Medical Image Computing, Heidelberg, Germany",Medical Image Computing and AI research,"your lab's pioneering work at DKFZ in Medical Image Computing and clinical AI integration"
Prof. Lena Maier-Hein,l.maier-hein@dkfz-heidelberg.de,"DKFZ (German Cancer Research Center) - Intelligent Medical Systems, Heidelberg, Germany",Intelligent Medical Systems and Surgical Data Science,"your research in Intelligent Medical Systems and surgical data science which directly addresses the clinical deployment challenges of AI"
DKFZ General Inquiry,kontakt@dkfz.de,"DKFZ (German Cancer Research Center), Heidelberg, Germany",Research Internship Inquiry,"the German Cancer Research Center's world-leading resources and collaborative environment for medical AI research"
Prof. Ender Konukoglu,ender.konukoglu@vision.ee.ethz.ch,"ETH Zurich - Biomedical Image Computing Group (BMIC), Zurich, Switzerland",Biomedical image computing and anatomical segmentation,"your group's advanced research at ETH Zurich in biomedical image interpretation and anomaly detection"
Prof. Michael Moor,michael.moor@bsse.ethz.ch,"ETH Zurich - Medical AI Lab (D-BSSE), Basel/Zurich, Switzerland",Medical AI agents and clinical machine learning,"your lab's innovative work at ETH Zurich on Medical AI agents and vision-language models for healthcare"
ETH Zurich CVL Admin,cvladm@vision.ee.ethz.ch,"ETH Zurich - Computer Vision Lab (CVL), Zurich, Switzerland",Research Internship Inquiry,"the Computer Vision Lab's extensive history of pushing the boundaries of computational pathology and medical image processing"
ITMO IAI Support,project.support@itmo.ru,"ITMO University - Institute for Artificial Intelligence, St. Petersburg, Russia",AI and translational medicine research,"ITMO's Institute for Artificial Intelligence and its translational approach to medical computer vision"
ITMO International News,int.news@itmo.ru,"ITMO University - International Research Office, St. Petersburg, Russia",Research Internship Inquiry,"ITMO's highly regarded international research programs and cutting-edge work in AI for healthcare"
ITMO Faculty Support,faculty@itmo.ru,"ITMO University, St. Petersburg, Russia",Research Internship Inquiry,"ITMO's collaborative environment for developing clinical decision support systems"
